{
    "parent": "rays_3d_ladders:block/create/ladder_item",
    "textures": {
		"0": "rays_3d_ladders:block/create/copper_rail_1",
		"1": "rays_3d_ladders:block/create/copper_step_1",
		"2": "rays_3d_ladders:block/create/copper_step_2",
		"3": "rays_3d_ladders:block/create/copper_step_3",
		"4": "rays_3d_ladders:block/create/copper_step_4",
		"5": "rays_3d_ladders:block/create/copper_rail_2",
		"6": "rays_3d_ladders:block/create/copper_support_1",
		"particle": "rays_3d_ladders:block/create/copper_step_1"
	}
}